{
    "id": "com.pavel3333.mods.PositionsMod",
    "name": "PositionsMod",
    "description": "Shows signs on the nice positions in the battle",

    "version": "2.0.0.2",
    "dependencies": [
        "com.modxvm.xfw.native"
	],
    
    "url": "https://pavel3333.ru/positionsmod_free/",
    "url_update": "https://pavel3333.ru/positionsmod_free/",
    
    "wot_version_min": "1.10.0.1",
    "wot_version_exactmatch": false,
    
    "features": ["python", "native"],
    "architecture": ["32bit", "64bit"]
}