{
    "info": [
        "Автозагрузчик модов от Pavel3333", 
        "Автор: Pavel3333 из команды RAINN VOD", 
        "Авторский YouTube канал \"RAINN VOD\"", 
        "Авторская группа ВК \"RAINN VOD\""
    ], 
    "msg": {
        "close": "Закрыть",  
        "deleted": "Автозагрузчик удалён", 
        "renew": "Продлить подписку", 
        "restart": "Перезагрузить", 
        "subscribe": "Подписаться", 
        "unexpected": "Неопознанная ошибка %s (%s)", 
        "updated": "Автозагрузчик обновлён", 
        "updated_desc": "Изменения вступят в силу после перезагрузки игрового клиента", 
        "warn": "Внимание!"
    }, 
    "msg_err": {
        "CheckID": "Произошла ошибка во время проверки игрового ID", 
        "Connect": "Невозможно подключиться к серверу", 
        "CreateFile": "Невозможно обновить некоторые файлы.\nОни будут обновлены после перезапуска игры", 
        "CreateManualFile": "Невозможно обновить некоторые файлы и скопировать их в manual-директорию.\nПожалуйста, свяжитесь с нами", 
        "DecodeModFields": "Получены неверные данные о моде", 
        "DeleteFile": "Невозможно удалить некоторые файлы.\nОни будут удалены после перезагрузки игры", 
        "GetDeps": "Произошла ошибка во время получения списка зависимостей. Код ошибки %s", 
        "GetFiles": "Произошла ошибка во время получения файлов. Код ошибки %s", 
        "GetModFields": "Не удалось получить данные о моде", 
        "GetMods": "Произошла ошибка во время получения списка модов. Код ошибки %s", 
        "InvalidFileSize": "Получен неверный размер файла", 
        "InvalidPathLen": "Получена неверная длина пути", 
        "LicInvalid": "Неверный лицензионный ключ", 
        "LicNotFound": "Лицензионный ключ не найден.\nПожалуйста, перекачайте Автозагрузчик", 
        "ReadDeps": "Произошла ошибка во время чтения списка зависимостей", 
        "ReadMods": "Произошла ошибка во время чтения списка модов", 
        "RespInvalid": "Произошла ошибка: получен неверный ответ", 
        "RespTooSmall": "Произошла ошибка: получен пустой ответ", 
        "Translations": "Произошла ошибка во время загрузки переводов Автозагрузчика.\nПожалуйста, перекачайте Автозагрузчик"
    }, 
    "msg_warn": {
        "CheckID": "ID не найден", 
        "Expired": "Подписка на Автозагрузчик истекла.<br>Вы можете продлить подписку по ссылке: \"https://pavel3333.ru/trajectorymod/lk\"", 
        "GetModDesc": "Мод не найден", 
        "GetUserData": "Вы не подписаны на Автозагрузчик.<br>Вы можете подписаться на Автозагрузчик по ссылке: \"https://pavel3333.ru/trajectorymod/lk\""
    }
}