{
    "id": "com.pavel3333.Autoupdater.GUI",
    "name": "Autoupdater GUI module",
    "description": "Shows Autoupdater GUI in the hangar",

    "version": "0.9.22.0.1",
    "dependencies": [
        "com.pavel3333.Autoupdater",
        "com.modxvm.xfw.native"
	],
    
    "url": "https://pavel3333.ru/autoupdater/",
    "url_update": "https://pavel3333.ru/autoupdater/",
    
    "wot_version_min": "1.9.0.2",
    "wot_version_exactmatch": false,
    
    "features": ["python", "native"],
    "architecture": ["32bit", "64bit"]
}