{
    "id": "com.pavel3333.mods.CollisionChecker.alpha",
    "name": "Checks the collision on crosshair direction",
    "description": "CollisionChecker",

    "version": "1.0.0.1",
    "dependencies": [
        "com.modxvm.xfw.filewatcher", 
        "com.modxvm.xfw.libraries", 
        "com.modxvm.xfw.native", 
        "com.modxvm.xfw.wotfix.crashes", 
        "com.modxvm.xfw.wotfix.hidpi"
	],
    
    "url": "https://pavel3333.ru/",
    "url_update": "https://pavel3333.ru/",
    
    "wot_version_min": "1.7.1.1",
    "wot_version_exactmatch": false,
    
    "features": ["python"],
    "architecture": ["32bit"]
}