{
    "info": [
        "Pavel3333 Mods Autoupdater", 
        "Author: Pavel3333 from RAINN VOD team", 
        "Authors YouTube channel \"RAINN VOD\"", 
        "Authors VK Group \"RAINN VOD\""
    ], 
    "msg": {
        "close": "Close", 
        "del": "Deleted", 
        "deleted": "Deleted %s mods", 
        "dep": "Dependency \"%s\":", 
        "expires": "Autoupdater subscription expires after", 
        "mod": "Mod \"%s\":", 
        "mods": "mods", 
        "files": "файлов", 
        "no_upd": "Not found any updates. You are using latest version %s #%s", 
        "not_updated": "Not found any updates", 
        "partially": "Not all mods were updated successfully", 
        "renew": "Renew subscription", 
        "restart": "Restart", 
        "subscribe": "Subscribe", 
        "unexpected": "Unexpected error %s (%s)", 
        "upd": "Updated to version %s #%s", 
        "updated": "Updated %s mods", 
        "updated_desc": "The changes will take effect after the client restarts", 
        "warn": "Warning!"
    }, 
    "msg_err": {
        "CheckID": "An error occured while checking player ID", 
        "Config": "An error occured while loading autoupdater config.\nPlease redownload the autoupdater", 
        "Connect": "Unable to connect to the server", 
        "CreateFile": "Unable to update some files.\nThey will be updated after game restart", 
        "CreateManualFile": "Unable to update some files and copy it to manual directory.\nPlease contact us", 
        "CurlEInit": "CURL initialization failed. Error code %s.\nPlease contact us", 
        "CurlGInit": "CURL global initialization failed. Error code %s.\nPlease contact us", 
        "DecodeModFields": "Got incorrect mod data", 
        "DeleteFile": "Unable to delete some files.\nThey will be deleted after game restart", 
        "FilesNotFound": "An error occured while loading autoupdater files.\nPlease redownload the autoupdater", 
        "GetDeps": "An error occured while getting dependencies list. Error code %s", 
        "GetFiles": "An error occured while getting files. Error code %s", 
        "GetModFields": "Could not get mod data", 
        "GetMods": "An error occured while getting mod list. Error code %s", 
        "InvalidFileSize": "Got invalid file size", 
        "InvalidPathLen": "Got invalid path length", 
        "LicInvalid": "License key is invalid", 
        "LoadNative": "An error occured while loading native module.\nPlease redownload the autoupdater", 
        "LoadXFWNative": "An error occured while loading XFW Native.\nPlease redownload the autoupdater", 
        "ReadDeps": "An error occured while reading dependencies list", 
        "ReadMods": "An error occured while reading mod list", 
        "RespInvalid": "An error occured: got invalid response", 
        "RespTooSmall": "An error occured: got empty response", 
        "TokenExpired": "Unable to prolong the token.\nPlease contact us", 
        "Translations": "An error occured while loading autoupdater translations.\nPlease redownload the autoupdater", 
        "UnpackNative": "An error occured while unpacking native module.\nPlease redownload the autoupdater"
    }, 
    "msg_warn": {
        "CheckID": "ID was not found", 
        "Expired": "Autoupdater subscription has expired.<br>You can renew the subscription on \"https://pavel3333.ru/trajectorymod/lk\"", 
        "GetModDesc": "Mod was not found", 
        "GetUserData": "You are not subscribed to Autoupdater.<br>You can subscribe it on \"https://pavel3333.ru/trajectorymod/lk\"", 
        "TokenExpired": "Unable to prolong the token.\nPlease contact us"
    }, 
    "times_en": [
        "month", 
        "day", 
        "hour", 
        "minute"
    ], 
    "times_ru": [
        [
            "months", 
            "days", 
            "hours", 
            "minutes"
        ], 
        [
            "month", 
            "day", 
            "hour", 
            "minute"
        ], 
        [
            "month", 
            "day", 
            "hour", 
            "minute"
        ]
    ], 
    "titles": {
        "main": "Autoupdater", 
        "procDone": {
            "DelFiles": "Deleting old files done", 
            "GetDeps": "Getting dependicies list done", 
            "GetFiles": "Getting files done", 
            "GetModsList": "Getting mods list done"
        }, 
        "procStart": {
            "DelFiles": "Deleting old files...", 
            "GetDeps": "Getting dependicies list...", 
            "GetFiles": "Getting files...", 
            "GetModsList": "Getting mods list..."
        }
    }
}