{
    "info": [
        "Автозагрузчик модов от Pavel3333", 
        "Автор: Pavel3333 из команды RAINN VOD", 
        "Авторский YouTube канал \"RAINN VOD\"", 
        "Авторская группа ВК \"RAINN VOD\""
    ], 
    "msg": {
        "close": "Закрыть", 
        "del": "Удалено", 
        "deleted": "Удалено модов: %s", 
        "dep": "Зависимость \"%s\":", 
        "expires": "Подписка на Автозагрузчик модов истекает через", 
        "mod": "Мод \"%s\":", 
        "mods": "модов", 
        "files": "файлов", 
        "no_upd": "Нет доступных обновлений. Вы используете последнюю версию %s #%s", 
        "not_updated": "Нет доступных обновлений", 
        "partially": "Не все моды были установлены успешно", 
        "renew": "Продлить подписку", 
        "restart": "Перезагрузить", 
        "subscribe": "Подписаться", 
        "unexpected": "Неопознанная ошибка %s (%s)", 
        "upd": "Обновлено до версии %s #%s", 
        "updated": "Обновлено модов: %s", 
        "updated_desc": "Изменения вступят в силу после перезагрузки игрового клиента", 
        "warn": "Внимание!"
    }, 
    "msg_err": {
        "CheckID": "Произошла ошибка во время проверки игрового ID", 
        "Config": "Произошла ошибка во время загрузки конфигурации Автозагрузчика.\nПожалуйста, перекачайте Автозагрузчик", 
        "Connect": "Невозможно подключиться к серверу", 
        "CreateFile": "Невозможно обновить некоторые файлы.\nОни будут обновлены после перезапуска игры", 
        "CreateManualFile": "Невозможно обновить некоторые файлы и скопировать их в manual-директорию.\nПожалуйста, свяжитесь с нами", 
        "CurlEInit": "Инициализация CURL провалена. Код ошибки %s.\nПожалуйста, свяжитесь с нами", 
        "CurlGInit": "Глобальная инициализация CURL провалена. Код ошибки %s.\nПожалуйста, свяжитесь с нам", 
        "DecodeModFields": "Получены неверные данные о моде", 
        "DeleteFile": "Невозможно удалить некоторые файлы.\nОни будут удалены после перезагрузки игры", 
        "LicNotFound": "Лицензионный ключ не найден.\nПожалуйста, перекачайте Автозагрузчик", 
        "GetDeps": "Произошла ошибка во время получения списка зависимостей. Код ошибки %s", 
        "GetFiles": "Произошла ошибка во время получения файлов. Код ошибки %s", 
        "GetModFields": "Не удалось получить данные о моде", 
        "GetMods": "Произошла ошибка во время получения списка модов. Код ошибки %s", 
        "InvalidFileSize": "Получен неверный размер файла", 
        "InvalidPathLen": "Получена неверная длина пути", 
        "LicInvalid": "Неверный лицензионный ключ", 
        "LoadNative": "Произошла ошибка во время загрузки native-модуля.\nПожалуйста, перекачайте Автозагрузчик", 
        "LoadXFWNative": "Произошла ошибка во время загрузки XFW Native.\nПожалуйста, перекачайте Автозагрузчик", 
        "ReadDeps": "Произошла ошибка во время чтения списка зависимостей", 
        "ReadMods": "Произошла ошибка во время чтения списка модов", 
        "RespInvalid": "Произошла ошибка: получен неверный ответ", 
        "RespTooSmall": "Произошла ошибка: получен пустой ответ", 
        "TokenExpired": "Невозможно продлить токен.\nПожалуйста, свяжитесь с нам", 
        "Translations": "Произошла ошибка во время загрузки переводов Автозагрузчика.\nПожалуйста, перекачайте Автозагрузчик", 
        "UnpackNative": "Произошла ошибка во время распаковки native-модуля.\nПожалуйста, перекачайте Автозагрузчик"
    }, 
    "msg_warn": {
        "CheckID": "ID не найден", 
        "Expired": "Подписка на Автозагрузчик истекла.<br>Вы можете продлить подписку по ссылке: \"https://pavel3333.ru/trajectorymod/lk\"", 
        "GetModDesc": "Мод не найден", 
        "GetUserData": "Вы не подписаны на Автозагрузчик.<br>Вы можете подписаться на Автозагрузчик по ссылке: \"https://pavel3333.ru/trajectorymod/lk\"", 
        "TokenExpired": "Невозможно продлить токен.\nПожалуйста, свяжитесь с нам"
    }, 
    "times_en": [
        "month", 
        "day", 
        "hour", 
        "minute"
    ], 
    "times_ru": [
        [
            "месяцев", 
            "дней", 
            "часов", 
            "минут"
        ], 
        [
            "месяц", 
            "день", 
            "час", 
            "минута"
        ], 
        [
            "месяца", 
            "дня", 
            "часа", 
            "минуты"
        ]
    ], 
    "titles": {
        "main": "Автозагрузчик", 
        "procDone": {
            "DelFiles": "Удаление старых файлов завершено", 
            "GetDeps": "Получение списка зависимостей завершено", 
            "GetFiles": "Получение файлов завершено", 
            "GetModsList": "Получение списка модов завершено"
        }, 
        "procStart": {
            "DelFiles": "Удаление старых файлов...", 
            "GetDeps": "Получение списка зависимостей...", 
            "GetFiles": "Получение файлов...", 
            "GetModsList": "Получение списка модов..."
        }
    }
}