{
    "info": [
        "Pavel3333 Mods Autoupdater", 
        "Author: Pavel3333 from RAINN VOD team", 
        "Authors YouTube channel \"RAINN VOD\"", 
        "Authors VK Group \"RAINN VOD\""
    ], 
    "msg": {
        "close": "Close", 
        "del": "Deleted", 
        "deleted": "Deleted %s mods", 
        "dep": "Dependency \"%s\":", 
        "expires": "Autoupdater subscription expires after", 
        "mod": "Mod \"%s\":", 
        "mods": "mods", 
        "no_upd": "Not found any updates. You are using latest version %s #%s", 
        "not_updated": "Not found any updates", 
        "partially": "Not all mods were updated successfully", 
        "renew": "Renew subscription", 
        "restart": "Restart", 
        "subscribe": "Subscribe", 
        "unexpected": "Unexpected error %s (%s)", 
        "upd": "Updated to version %s #%s", 
        "updated": "Updated %s mods", 
        "updated_desc": "The changes will take effect after the client restarts", 
        "warn": "Warning!"
    }, 
    "msg_err": {
        "CHECKING_ID": "An error occured while checking player ID", 
        "CONFIG": "An error occured while loading autoupdater config.\nPlease redownload the autoupdater", 
        "CONNECT": "Unable to connect to the server", 
        "CREATING_FILE": "Unable to update some files.\nThey will be updated after game restart", 
        "DECODE_MOD_FIELDS": "Getted incorrect mod data", 
        "DELETING_FILE": "Unable to delete some files.\nThey will be deleted after game restart", 
        "FILES_NOT_FOUND": "An error occured while loading autoupdater files.\nPlease redownload the autoupdater", 
        "GETTING_DEPS": "An error occured while getting dependencies list. Error code %s", 
        "GETTING_FILES": "An error occured while getting files. Error code %s", 
        "GETTING_MODS": "An error occured while getting mod list. Error code %s", 
        "INVALID_FILE_SIZE": "Got invalid file size", 
        "LIC_INVALID": "License key is invalid", 
        "READING_DEPS": "An error occured while reading dependencies list", 
        "READING_MODS": "An error occured while reading mod list", 
        "RESP_SIZE_INVALID": "An error occured: getted invalid response", 
        "RESP_TOO_SMALL": "An error occured: getted empty response", 
        "TRANSLATIONS": "An error occured while loading autoupdater translations.\nPlease redownload the autoupdater"
    }, 
    "msg_warn": {
        "CHECKING_ID": "Unable to check player ID", 
        "ID_NOT_FOUND": "ID was not found", 
        "LIC_INVALID": "Invalid license key", 
        "MOD_NOT_FOUND": "Mod was not found", 
        "TIME_EXPIRED": "Autoupdater subscription has expired.<br >You can renew the subscription on \"https://pavel3333.ru/trajectorymod/lk\"", 
        "USER_NOT_FOUND": "You are not subscribed to Autoupdater.<br>You can subscribe it on \"https://pavel3333.ru/trajectorymod/lk\""
    }, 
    "times_en": [
        "month", 
        "day", 
        "hour", 
        "minute"
    ], 
    "times_ru": [
        [
            "months", 
            "days", 
            "hours", 
            "minutes"
        ], 
        [
            "month", 
            "day", 
            "hour", 
            "minute"
        ], 
        [
            "month", 
            "day", 
            "hour", 
            "minute"
        ]
    ], 
    "titles": {
        "main": "Autoupdater", 
        "procDone": {
            "DEL_FILES": "Deleting old files done", 
            "GET_DEPS": "Getting dependicies list done", 
            "GET_FILES": "Getting files done", 
            "GET_MODS_LIST": "Getting mods list done"
        }, 
        "procStart": {
            "DEL_FILES": "Deleting old files...", 
            "GET_DEPS": "Getting dependicies list...", 
            "GET_FILES": "Getting files...", 
            "GET_MODS_LIST": "Getting mods list..."
        }
    }
}