{
    "info": [
        "Автозагрузчик модов от Pavel3333", 
        "Автор: Pavel3333 из команды RAINN VOD", 
        "Авторский YouTube канал \"RAINN VOD\"", 
        "Авторская группа ВК \"RAINN VOD\""
    ], 
    "msg": {
        "close": "Закрыть", 
        "del": "Удалён", 
        "deleted": "Удалено модов: %s", 
        "dep": "Зависимость \"%s\":", 
        "expires": "Подписка на Автозагрузчик модов истекает через", 
        "mod": "Мод \"%s\":", 
        "mods": "модов", 
        "no_upd": "Нет доступных обновлений. Вы используете последнюю версию %s #%s", 
        "not_updated": "Нет доступных обновлений", 
        "partially": "Не все моды были установлены успешно", 
        "renew": "Продлить подписку", 
        "restart": "Перезагрузить", 
        "subscribe": "Подписаться", 
        "unexpected": "Неопознанная ошибка %s (%s)", 
        "upd": "Обновлено до версии %s #%s", 
        "updated": "Обновлено модов: %s", 
        "updated_desc": "Изменения вступят в силу после перезагрузки игрового клиента", 
        "warn": "Внимание!"
    }, 
    "msg_err": {
        "CHECKING_ID": "Произошла ошибка во время проверки игрового ID", 
        "CONFIG": "Произошла ошибка во время загрузки конфигурации Автозагрузчика.\nПожалуйста, перекачайте Автозагрузчик", 
        "CONNECT": "Невозможно подключиться к серверу", 
        "CREATING_FILE": "Невозможно обновить некоторые файлы.\nОни будут обновлены после перезапуска игры", 
        "DECODE_MOD_FIELDS": "Получены некорректные данные о моде", 
        "DELETING_FILE": "Невозможно удалить некоторые файлы.\nОни будут удалены после перезапуска игры", 
        "FILES_NOT_FOUND": "Произошла ошибка во время загрузки файлов Автозагрузчика.\nПожалуйста, перекачайте Автозагрузчик", 
        "GETTING_DEPS": "Произошла ошибка во время получения списка зависимостей. Код ошибки %s", 
        "GETTING_FILES": "Произошла ошибка во время получения файлов. Код ошибки %s", 
        "GETTING_MODS": "Произошла ошибка во время получения списка модов. Код ошибки %s", 
        "INVALID_FILE_SIZE": "Получен некорректный размер файла", 
        "LIC_INVALID": "Неверный лицензионный ключ", 
        "READING_DEPS": "Произошла ошибка во время чтения списка зависимостей", 
        "READING_MODS": "Произошла ошибка во время чтения списка модов", 
        "RESP_SIZE_INVALID": "Возникла ошибка: получен неверный ответ", 
        "RESP_TOO_SMALL": "Возникла ошибка: получен пустой ответ", 
        "TRANSLATIONS": "Произошла ошибка во время загрузки переводов загрузчика.\nПожалуйста, перекачайте Автозагрузчик"
    }, 
    "msg_warn": {
        "CHECKING_ID": "Невозможно проверить игровой ID", 
        "ID_NOT_FOUND": "Игровой ID не найден", 
        "LIC_INVALID": "Неверный лицензионный ключ", 
        "MOD_NOT_FOUND": "Мод не был найден", 
        "TIME_EXPIRED": "Подписка на Автозагрузчик истекла.<br >Вы можете продлить подписку в Личном кабинете: \"https://pavel3333.ru/trajectorymod/lk\"", 
        "USER_NOT_FOUND": "Вы не подписаны на Автозагрузчик.<br>Вы можете подписаться на него в Личном кабинете: \"https://pavel3333.ru/trajectorymod/lk\""
    }, 
    "times_en": [
        "month", 
        "day", 
        "hour", 
        "minute"
    ], 
    "times_ru": [
        [
            "месяцев", 
            "дней", 
            "часов", 
            "минут"
        ], 
        [
            "месяц", 
            "день", 
            "час", 
            "минута"
        ], 
        [
            "месяца", 
            "дня", 
            "часа", 
            "минуты"
        ]
    ], 
    "titles": {
        "main": "Автозагрузчик модов", 
        "procDone": {
            "DEL_FILES": "Удаление старых файлов завершено", 
            "GET_DEPS": "Получение списка зависимостей завершено", 
            "GET_FILES": "Получение файлов завершено", 
            "GET_MODS_LIST": "Получение списка модов завершено"
        }, 
        "procStart": {
            "DEL_FILES": "Удаление старых файлов...", 
            "GET_DEPS": "Получение списка зависимостей...", 
            "GET_FILES": "Получение файлов...", 
            "GET_MODS_LIST": "Получение списка модов..."
        }
    }
}